TÃ­tulo,Empresa,Local,SalÃ¡rio,Link
Data Warehouse Engineer,Plutus,ğŸ‡ªğŸ‡º Europe,NÃ£o informado,https://remoteok.io/remote-jobs/remote-data-warehouse-engineer-plutus-935089
Data Scientist & Data Engineer AI ML,Lemon.io,ğŸ‡ªğŸ‡º Europe,NÃ£o informado,https://remoteok.io/remote-jobs/remote-data-scientist-data-engineer-ai-ml-lemon-io-613825
Senior DataOps Engineer,Revelator,ğŸ‡ªğŸ‡º Europe,NÃ£o informado,https://remoteok.io/remote-jobs/remote-senior-dataops-engineer-revelator-599532
Senior Microsoft PowerBI Developer,Proxify,ğŸŒ Worldwide,NÃ£o informado,https://remoteok.io/remote-jobs/remote-senior-microsoft-powerbi-developer-proxify-382265
Senior Data Engineer,Proxify,ğŸŒ Worldwide,NÃ£o informado,https://remoteok.io/remote-jobs/remote-senior-data-engineer-proxify-382258
Senior Solution Engineer AI Enterprise,2100 NVIDIA USA,ğŸ‡ºğŸ‡¸ United States,NÃ£o informado,https://remoteok.io/remote-jobs/remote-senior-solution-engineer-ai-enterprise-2100-nvidia-usa-1060389
Business Analyst,Kyivstar,ğŸ‡ºğŸ‡¦ Ukraine,NÃ£o informado,https://remoteok.io/remote-jobs/remote-business-analyst-kyivstar-1059873
Senior AI Engineer,Awin,ğŸ‡©ğŸ‡ª Germany,NÃ£o informado,https://remoteok.io/remote-jobs/remote-senior-ai-engineer-awin-1059467
Senior Engineer Payments,Sure,ğŸ’° $50k - $98k*,NÃ£o informado,https://remoteok.io/remote-jobs/remote-senior-engineer-payments-sure-1058064
Senior Analyst I Financial Impact,Included Health,ğŸ’° $50k - $90k*,NÃ£o informado,https://remoteok.io/remote-jobs/remote-senior-analyst-i-financial-impact-included-health-1057910
Cybersecurity Analyst,CloudWalk,ğŸ‡§ğŸ‡· Brazil,NÃ£o informado,https://remoteok.io/remote-jobs/remote-cybersecurity-analyst-cloudwalk-1057897
Staff Engineer,Government Employees Insurance Company,MD Chevy Chase (Office) - JPS,NÃ£o informado,https://remoteok.io/remote-jobs/remote-staff-engineer-government-employees-insurance-company-1056579
Data Analyst Digital Analytics,Softrams,ğŸ‡ºğŸ‡¸ United States,NÃ£o informado,https://remoteok.io/remote-jobs/remote-data-analyst-digital-analytics-softrams-1051852
Analytics Engineer,Pet Circle,ğŸ‡µğŸ‡­ Philippines,NÃ£o informado,https://remoteok.io/remote-jobs/remote-analytics-engineer-pet-circle-1049515
Junior Systems Administrator,Talkiatry,ğŸ’° $80k - $120k*,NÃ£o informado,https://remoteok.io/remote-jobs/remote-junior-systems-administrator-talkiatry-1047385
Junior Systems Administrator,Talkiatry,ğŸ’° $80k - $120k*,NÃ£o informado,https://remoteok.io/remote-jobs/remote-junior-systems-administrator-talkiatry-1045222
Senior Engineer Clients Integrations,InDebted,ğŸ‡µğŸ‡­ Philippines,NÃ£o informado,https://remoteok.io/remote-jobs/remote-senior-engineer-clients-integrations-indebted-1039071
Senior Site Reliability Engineer,Sezzle,ğŸ‡¨ğŸ‡± Chile,NÃ£o informado,https://remoteok.io/remote-jobs/remote-senior-site-reliability-engineer-sezzle-1035958
Senior System Analyst,Lido,Worldwide,NÃ£o informado,https://remoteok.io/remote-jobs/remote-senior-system-analyst-lido-1024160
Senior DevOps Engineer,Allora Labs,Worldwide,NÃ£o informado,https://remoteok.io/remote-jobs/remote-senior-devops-engineer-allora-labs-1021276
Senior Machine Learning Engineer,Reserv,ğŸ‡ºğŸ‡¸ United States,NÃ£o informado,https://remoteok.io/remote-jobs/remote-senior-machine-learning-engineer-reserv-1018904
Senior Blockchain Data Researcher,Syndica,Worldwide,NÃ£o informado,https://remoteok.io/remote-jobs/remote-senior-blockchain-data-researcher-syndica-1016920
DevSecOps Engineer,Raft Company Website,ğŸ‡ºğŸ‡¸ United States,NÃ£o informado,https://remoteok.io/remote-jobs/remote-devsecops-engineer-raft-company-website-1015989
Backend Engineer,Codility,ğŸ‡µğŸ‡± Poland,NÃ£o informado,https://remoteok.io/remote-jobs/remote-backend-engineer-codility-1013278
Infrastructure Engineer,Chainstack,Worldwide,NÃ£o informado,https://remoteok.io/remote-jobs/remote-infrastructure-engineer-chainstack-1014017
Staff Backend Engineer Messaging Platform,Postscript,ğŸŒ Probably worldwide,NÃ£o informado,https://remoteok.io/remote-jobs/remote-staff-backend-engineer-messaging-platform-postscript-1060004
Senior Go backend Developer,Cycloid,ğŸŒ Probably worldwide,NÃ£o informado,https://remoteok.io/remote-jobs/remote-senior-go-backend-developer-cycloid-1059561
Senior Software Engineer Identity,Alpaca,ğŸ‡ºğŸ‡¸ United States,NÃ£o informado,https://remoteok.io/remote-jobs/remote-senior-software-engineer-identity-alpaca-1059479
Backend Engineer,Fathom,ğŸŒ Probably worldwide,NÃ£o informado,https://remoteok.io/remote-jobs/remote-backend-engineer-fathom-1059461
Senior Software Engineer Backend,Fullstory,ğŸŒ Probably worldwide,NÃ£o informado,https://remoteok.io/remote-jobs/remote-senior-software-engineer-backend-fullstory-1059266
Senior Backend Golang Engineer Mailgun Send,Mailgun,ğŸŒ Probably worldwide,NÃ£o informado,https://remoteok.io/remote-jobs/remote-senior-backend-golang-engineer-mailgun-send-mailgun-1059249
Backend Engineer Developer SDKs Golang expert,Stripe,ğŸŒ Probably worldwide,NÃ£o informado,https://remoteok.io/remote-jobs/remote-backend-engineer-developer-sdks-golang-expert-stripe-1058894
Linux Server WHM Optimization and Cloudflare Configuration,JustPays,ğŸŒ Worldwide,NÃ£o informado,https://remoteok.io/remote-jobs/remote-linux-server-whm-optimization-and-cloudflare-configuration-justpays-1022908
Senior Quality Assurance Automation Engineer,3Pillar,ğŸ‡²ğŸ‡½ Mexico,NÃ£o informado,https://remoteok.io/remote-jobs/remote-senior-quality-assurance-automation-engineer-3pillar-1058555
Intermediate Software Engineer,Stronghold,ğŸ‡³ğŸ‡¿ New Zealand,NÃ£o informado,https://remoteok.io/remote-jobs/remote-intermediate-software-engineer-stronghold-1058091
Backend Engineer,Flourish Software,ğŸŒ Probably worldwide,NÃ£o informado,https://remoteok.io/remote-jobs/remote-backend-engineer-flourish-software-1056411
Software Engineer Literacy & ELA,Khan Academy,ğŸ‡ºğŸ‡¸ United States,NÃ£o informado,https://remoteok.io/remote-jobs/remote-software-engineer-literacy-ela-khan-academy-1046734
Software Developer Backend Platform,TextNow,ğŸŒ Probably worldwide,NÃ£o informado,https://remoteok.io/remote-jobs/remote-software-developer-backend-platform-textnow-1045161
Founding Backend Engineer,Axiom,ğŸ‡ºğŸ‡¸ United States,NÃ£o informado,https://remoteok.io/remote-jobs/remote-founding-backend-engineer-axiom-1037117
P2P Backend Developer,Bitfinex,Remote job,NÃ£o informado,https://remoteok.io/remote-jobs/remote-p2p-backend-developer-bitfinex-1035666
Web Developer,IFT,ğŸ‡¬ğŸ‡§ United Kingdom,NÃ£o informado,https://remoteok.io/remote-jobs/remote-web-developer-ift-1032958
P2P Backend Developer,Bitfinex,Remote job,NÃ£o informado,https://remoteok.io/remote-jobs/remote-p2p-backend-developer-bitfinex-1029918
Senior Software Engineer,Flashbots,Worldwide,NÃ£o informado,https://remoteok.io/remote-jobs/remote-senior-software-engineer-flashbots-1028483
Senior Software Engineer,Sysdig,ğŸ‡®ğŸ‡¹ Italy,NÃ£o informado,https://remoteok.io/remote-jobs/remote-senior-software-engineer-sysdig-1027566
Data Engineer,Risk Labs,Worldwide,NÃ£o informado,https://remoteok.io/remote-jobs/remote-data-engineer-risk-labs-1027039
